Kamera,region,V1,V2,V3,V4,V5,V6,V7,V8,V9,V10
1,RDSA,0,0,0,0,0,NA,NA,NA,NA,NA
2,RDSA,0,0,0,0,0,NA,NA,NA,NA,NA
3,RDSA,0,0,0,0,0,NA,NA,NA,NA,NA
4,RDSA,0,0,0,0,0,NA,NA,NA,NA,NA
5,RDSA,0,1,0,0,0,NA,NA,NA,NA,NA
6,RDSA,0,1,0,0,0,NA,NA,NA,NA,NA
7,RDSA,0,1,0,0,0,NA,NA,NA,NA,NA
8,RDSA,1,0,0,0,0,NA,NA,NA,NA,NA
9,RDSA,0,1,0,0,0,NA,NA,NA,NA,NA
10,RDSA,0,0,1,0,0,NA,NA,NA,NA,NA
11,RDSA,0,0,0,0,0,NA,NA,NA,NA,NA
12,RDSA,0,0,1,1,0,NA,NA,NA,NA,NA
13,RDSA,0,0,1,0,0,NA,NA,NA,NA,NA
14,RDSA,0,0,1,0,0,NA,NA,NA,NA,NA
15,RDSA,0,0,0,0,0,NA,NA,NA,NA,NA
16,RDSA,NA,NA,NA,NA,0,0,0,0,0,NA
17,RDSA,1,0,1,1,1,NA,NA,NA,NA,NA
18,RDSA,0,1,0,0,0,NA,NA,NA,NA,NA
19,RDSA,0,0,0,0,0,NA,NA,NA,NA,NA
20,RDSA,NA,NA,NA,NA,0,0,1,1,NA,NA
21,RDSA,0,0,0,0,0,NA,NA,NA,NA,NA
22,RDSA,0,0,0,0,0,NA,NA,NA,NA,NA
23,RDSA,0,0,0,0,0,NA,NA,NA,NA,NA
24,RDSA,0,0,0,0,0,NA,NA,NA,NA,NA
25,RDSA,0,0,0,0,0,NA,NA,NA,NA,NA
26,RDSA,0,1,0,0,0,NA,NA,NA,NA,NA
27,RDSA,NA,NA,NA,NA,0,0,0,0,0,NA
28,RDSA,NA,NA,NA,NA,0,1,0,0,NA,NA
29,RDSA,NA,NA,NA,NA,0,0,0,0,NA,NA
30,RDSA,NA,NA,NA,NA,0,0,0,0,NA,NA
31,RDSA,NA,NA,NA,NA,1,0,0,0,NA,NA
32,RDSA,NA,NA,NA,NA,0,0,1,1,NA,NA
33,RDSA,0,0,0,1,0,NA,NA,NA,NA,NA
34,RDSA,NA,NA,NA,NA,0,0,0,0,0,NA
35,RDSA,NA,NA,NA,NA,0,1,0,0,0,NA
36,RDSA,NA,NA,NA,NA,0,1,0,0,0,NA
37,RDSA,NA,NA,NA,NA,0,1,0,0,0,NA
38,RDSA,NA,NA,NA,NA,0,0,0,0,0,NA
39,RDSA,NA,NA,NA,NA,0,0,1,0,0,NA
40,RDSA,NA,NA,NA,NA,1,0,0,0,0,NA
41,RDSA,NA,NA,NA,NA,0,1,0,1,0,NA
42,RDSA,NA,NA,NA,NA,0,1,0,0,0,NA
43,RDSA,NA,NA,NA,NA,0,0,0,0,0,NA
44,RDSA,NA,NA,NA,NA,0,0,0,0,0,NA
45,RDSA,NA,NA,NA,NA,0,0,1,0,0,NA
46,RDSA,NA,NA,NA,NA,0,1,1,0,0,NA
47,RDSA,NA,NA,NA,NA,0,0,0,0,0,NA
48,RDSA,NA,NA,NA,NA,0,0,0,0,NA,NA
49,RDSA,NA,NA,NA,NA,0,0,0,0,NA,NA
50,RDSA,NA,NA,NA,NA,0,0,0,0,0,NA
1012,REMJ,0,0,0,NA,NA,NA,NA,NA,NA,NA
1013,REMJ,0,0,0,NA,NA,NA,NA,NA,NA,NA
1014,REMJ,0,0,0,NA,NA,NA,NA,NA,NA,NA
1015,REMJ,0,0,0,NA,NA,NA,NA,NA,NA,NA
1021,REMJ,0,0,0,NA,NA,NA,NA,NA,NA,NA
1022,REMJ,0,0,0,NA,NA,NA,NA,NA,NA,NA
1023,REMJ,0,0,0,NA,NA,NA,NA,NA,NA,NA
1024,REMJ,0,0,0,NA,NA,NA,NA,NA,NA,NA
1025,REMJ,0,0,0,NA,NA,NA,NA,NA,NA,NA
1031,REMJ,1,0,0,NA,NA,NA,NA,NA,NA,NA
1032,REMJ,0,0,0,NA,NA,NA,NA,NA,NA,NA
1033,REMJ,0,0,0,NA,NA,NA,NA,NA,NA,NA
1034,REMJ,0,0,0,NA,NA,NA,NA,NA,NA,NA
1035,REMJ,0,0,0,NA,NA,NA,NA,NA,NA,NA
1041,REMJ,0,0,0,NA,NA,NA,NA,NA,NA,NA
1042,REMJ,0,0,0,NA,NA,NA,NA,NA,NA,NA
1043,REMJ,0,0,0,NA,NA,NA,NA,NA,NA,NA
1044,REMJ,0,0,0,NA,NA,NA,NA,NA,NA,NA
1045,REMJ,0,0,0,NA,NA,NA,NA,NA,NA,NA
1051,REMJ,1,0,0,NA,NA,NA,NA,NA,NA,NA
1052,REMJ,1,0,0,NA,NA,NA,NA,NA,NA,NA
1053,REMJ,0,0,0,NA,NA,NA,NA,NA,NA,NA
1054,REMJ,1,0,0,NA,NA,NA,NA,NA,NA,NA
1061,REMJ,0,0,0,NA,NA,NA,NA,NA,NA,NA
1062,REMJ,0,0,1,NA,NA,NA,NA,NA,NA,NA
1063,REMJ,1,0,1,NA,NA,NA,NA,NA,NA,NA
1064,REMJ,0,0,0,NA,NA,NA,NA,NA,NA,NA
1065,REMJ,0,0,0,NA,NA,NA,NA,NA,NA,NA
2011,REMJ,NA,NA,NA,0,0,0,NA,NA,NA,NA
2012,REMJ,NA,NA,NA,0,0,0,NA,NA,NA,NA
2013,REMJ,NA,NA,NA,0,0,0,NA,NA,NA,NA
2014,REMJ,NA,NA,NA,0,0,0,NA,NA,NA,NA
2015,REMJ,NA,NA,NA,0,0,0,NA,NA,NA,NA
2021,REMJ,NA,NA,NA,0,0,1,NA,NA,NA,NA
2022,REMJ,NA,NA,NA,0,0,1,NA,NA,NA,NA
2023,REMJ,NA,NA,NA,0,0,0,NA,NA,NA,NA
2024,REMJ,NA,NA,NA,0,0,0,NA,NA,NA,NA
2031,REMJ,NA,NA,NA,0,0,1,NA,NA,NA,NA
2032,REMJ,NA,NA,NA,0,0,NA,NA,NA,NA,NA
2033,REMJ,NA,NA,NA,0,0,0,NA,NA,NA,NA
2034,REMJ,NA,NA,NA,0,0,0,NA,NA,NA,NA
2035,REMJ,NA,NA,NA,1,0,0,NA,NA,NA,NA
2041,REMJ,NA,NA,NA,0,0,0,NA,NA,NA,NA
2042,REMJ,NA,NA,NA,NA,NA,0,0,0,0,NA
2043,REMJ,NA,NA,NA,0,NA,0,1,0,1,NA
2044,REMJ,NA,NA,NA,0,0,0,NA,NA,NA,NA
2051,REMJ,NA,NA,NA,0,0,0,NA,NA,NA,NA
2052,REMJ,NA,NA,NA,0,0,0,NA,NA,NA,NA
2053,REMJ,NA,NA,NA,0,0,0,NA,NA,NA,NA
2054,REMJ,NA,NA,NA,0,0,NA,NA,NA,NA,NA
2055,REMJ,NA,NA,NA,0,0,0,NA,NA,NA,NA
2061,REMJ,NA,NA,NA,0,0,0,0,NA,NA,NA
2062,REMJ,NA,NA,NA,0,1,0,0,NA,NA,NA
2063,REMJ,NA,NA,NA,0,0,0,0,NA,NA,NA
2064,REMJ,NA,NA,NA,0,0,0,0,NA,NA,NA
2065,REMJ,NA,NA,NA,0,0,0,0,NA,NA,NA
2071,REMJ,NA,NA,NA,0,0,0,NA,NA,NA,NA
2072,REMJ,NA,NA,NA,0,0,0,0,NA,NA,NA
2073,REMJ,NA,NA,NA,0,0,0,0,NA,NA,NA
2074,REMJ,NA,NA,NA,0,0,0,0,NA,NA,NA
2081,REMJ,NA,NA,NA,0,1,0,0,NA,NA,NA
2082,REMJ,NA,NA,NA,0,0,0,0,NA,NA,NA
2083,REMJ,NA,NA,NA,0,0,1,0,NA,NA,NA
2084,REMJ,NA,NA,NA,0,0,0,0,NA,NA,NA
2091,REMJ,NA,NA,NA,0,0,0,NA,NA,NA,NA
2092,REMJ,NA,NA,NA,0,1,0,0,NA,NA,NA
2093,REMJ,NA,NA,NA,0,0,0,0,NA,NA,NA
2094,REMJ,NA,NA,NA,0,0,0,0,NA,NA,NA
2095,REMJ,NA,NA,NA,0,0,0,0,NA,NA,NA
2101,REMJ,NA,NA,NA,0,1,NA,NA,NA,NA,NA
2102,REMJ,NA,NA,NA,0,1,1,0,NA,NA,NA
3011,REMJ,NA,NA,NA,NA,NA,NA,0,0,0,NA
3012,REMJ,NA,NA,NA,NA,NA,NA,0,0,0,NA
3013,REMJ,NA,NA,NA,NA,NA,NA,0,0,0,NA
3014,REMJ,NA,NA,NA,NA,NA,NA,0,0,0,NA
3015,REMJ,NA,NA,NA,NA,NA,NA,0,1,0,NA
3021,REMJ,NA,NA,NA,NA,NA,NA,0,0,0,NA
3022,REMJ,NA,NA,NA,NA,NA,NA,0,0,0,NA
3023,REMJ,NA,NA,NA,NA,NA,NA,0,0,0,NA
3024,REMJ,NA,NA,NA,NA,NA,NA,0,0,0,NA
3025,REMJ,NA,NA,NA,NA,NA,NA,0,0,0,NA
3031,REMJ,NA,NA,NA,NA,NA,NA,0,0,0,NA
3032,REMJ,NA,NA,NA,NA,NA,NA,0,0,0,NA
3033,REMJ,NA,NA,NA,NA,NA,NA,0,0,0,NA
3034,REMJ,NA,NA,NA,NA,NA,NA,0,0,0,NA
3035,REMJ,NA,NA,NA,NA,NA,NA,0,0,0,NA
3041,REMJ,NA,NA,NA,NA,NA,NA,0,0,0,NA
3042,REMJ,NA,NA,NA,NA,NA,NA,0,0,0,NA
3043,REMJ,NA,NA,NA,NA,NA,NA,0,0,0,NA
3044,REMJ,NA,NA,NA,NA,NA,NA,0,0,0,NA
3045,REMJ,NA,NA,NA,NA,NA,NA,0,0,0,NA
3051,REMJ,NA,NA,NA,NA,NA,NA,0,0,NA,NA
3052,REMJ,NA,NA,NA,NA,NA,NA,0,0,0,0
3053,REMJ,NA,NA,NA,NA,NA,NA,0,0,0,0
3054,REMJ,NA,NA,NA,NA,NA,NA,0,0,0,0
3055,REMJ,NA,NA,NA,NA,NA,NA,0,1,0,0
3061,REMJ,NA,NA,NA,NA,NA,NA,NA,0,0,0
3062,REMJ,NA,NA,NA,NA,NA,NA,NA,0,0,0
3063,REMJ,NA,NA,NA,NA,NA,NA,NA,0,0,0
3064,REMJ,NA,NA,NA,NA,NA,NA,NA,0,0,0
3065,REMJ,NA,NA,NA,NA,NA,NA,NA,1,0,0
3071,REMJ,NA,NA,NA,NA,NA,NA,NA,0,0,0
3072,REMJ,NA,NA,NA,NA,NA,NA,NA,0,1,0
3073,REMJ,NA,NA,NA,NA,NA,NA,NA,0,0,0
3074,REMJ,NA,NA,NA,NA,NA,NA,NA,0,0,0
3075,REMJ,NA,NA,NA,NA,NA,NA,NA,0,0,1
3081,REMJ,NA,NA,NA,NA,NA,NA,NA,0,0,0
3082,REMJ,NA,NA,NA,NA,NA,NA,NA,0,0,0
3083,REMJ,NA,NA,NA,NA,NA,NA,NA,0,0,0
3084,REMJ,NA,NA,NA,NA,NA,NA,NA,0,1,0
3085,REMJ,NA,NA,NA,NA,NA,NA,NA,0,0,0
3091,REMJ,NA,NA,NA,NA,NA,NA,NA,0,0,0
3092,REMJ,NA,NA,NA,NA,NA,NA,NA,0,0,0
3093,REMJ,NA,NA,NA,NA,NA,NA,NA,0,0,0
3094,REMJ,NA,NA,NA,NA,NA,NA,NA,1,1,1
4011,REMJ,NA,NA,NA,NA,0,0,0,0,0,0
4012,REMJ,NA,NA,NA,NA,0,0,0,0,0,0
4013,REMJ,NA,NA,NA,NA,0,0,0,0,0,0
4014,REMJ,NA,NA,NA,NA,0,1,0,0,0,0
4015,REMJ,NA,NA,NA,NA,0,0,0,0,0,0
4022,REMJ,NA,NA,NA,NA,0,0,0,0,NA,NA
4023,REMJ,NA,NA,NA,NA,0,0,0,0,NA,NA
4024,REMJ,NA,NA,NA,NA,0,0,1,0,NA,NA
4031,REMJ,NA,NA,NA,NA,NA,0,0,0,NA,NA
4032,REMJ,NA,NA,NA,NA,NA,0,0,0,NA,NA
4033,REMJ,NA,NA,NA,NA,NA,0,0,0,NA,NA
4034,REMJ,NA,NA,NA,NA,NA,0,0,0,NA,NA
4035,REMJ,NA,NA,NA,NA,NA,0,0,0,NA,NA
4041,REMJ,NA,NA,NA,NA,NA,0,0,0,NA,NA
4042,REMJ,NA,NA,NA,NA,NA,1,0,0,NA,NA
4043,REMJ,NA,NA,NA,NA,NA,0,0,0,NA,NA
4044,REMJ,NA,NA,NA,NA,NA,1,0,0,NA,NA
4045,REMJ,NA,NA,NA,NA,NA,0,0,0,NA,NA
4051,REMJ,NA,NA,NA,NA,NA,0,0,0,NA,NA
4053,REMJ,NA,NA,NA,NA,NA,0,0,0,NA,NA
4054,REMJ,NA,NA,NA,NA,NA,NA,0,0,0,NA
5011,REMJ,0,0,0,NA,NA,NA,NA,NA,NA,NA
5012,REMJ,0,1,1,NA,NA,NA,NA,NA,NA,NA
5013,REMJ,0,0,0,NA,NA,NA,NA,NA,NA,NA
5014,REMJ,0,0,0,NA,NA,NA,NA,NA,NA,NA
5015,REMJ,0,0,0,NA,NA,NA,NA,NA,NA,NA
5021,REMJ,0,0,0,NA,NA,NA,NA,NA,NA,NA
5022,REMJ,0,0,0,NA,NA,NA,NA,NA,NA,NA
5023,REMJ,1,0,0,NA,NA,NA,NA,NA,NA,NA
5024,REMJ,0,0,0,NA,NA,NA,NA,NA,NA,NA
5025,REMJ,0,0,0,NA,NA,NA,NA,NA,NA,NA
5031,REMJ,0,0,0,NA,NA,NA,NA,NA,NA,NA
5032,REMJ,0,0,0,NA,NA,NA,NA,NA,NA,NA
5033,REMJ,0,0,0,NA,NA,NA,NA,NA,NA,NA
5034,REMJ,0,0,0,NA,NA,NA,NA,NA,NA,NA
5035,REMJ,0,0,0,NA,NA,NA,NA,NA,NA,NA
5041,REMJ,0,0,0,NA,NA,NA,NA,NA,NA,NA
5042,REMJ,0,0,0,NA,NA,NA,NA,NA,NA,NA
5043,REMJ,0,0,0,NA,NA,NA,NA,NA,NA,NA
5044,REMJ,0,0,0,NA,NA,NA,NA,NA,NA,NA
5045,REMJ,0,0,0,NA,NA,NA,NA,NA,NA,NA
5052,REMJ,0,0,0,1,0,NA,NA,NA,NA,NA
5053,REMJ,0,0,0,0,0,NA,NA,NA,NA,NA
5054,REMJ,0,0,0,1,0,NA,NA,NA,NA,NA
5055,REMJ,0,0,1,0,0,NA,NA,NA,NA,NA
5061,REMJ,0,0,0,0,0,NA,NA,NA,NA,NA
5062,REMJ,0,0,0,0,0,NA,NA,NA,NA,NA
5063,REMJ,0,0,NA,NA,NA,NA,NA,NA,NA,NA
5064,REMJ,0,0,1,0,0,NA,NA,NA,NA,NA
5065,REMJ,0,0,0,0,0,NA,NA,NA,NA,NA
5072,REMJ,0,0,0,0,0,NA,NA,NA,NA,NA
5073,REMJ,0,1,0,0,0,NA,NA,NA,NA,NA
5074,REMJ,0,0,0,0,0,NA,NA,NA,NA,NA
5075,REMJ,0,0,0,0,0,NA,NA,NA,NA,NA
5081,REMJ,0,0,0,NA,NA,NA,NA,NA,NA,NA
5082,REMJ,0,0,0,0,0,NA,NA,NA,NA,NA
5083,REMJ,0,0,1,0,0,NA,NA,NA,NA,NA
5084,REMJ,0,0,0,0,0,NA,NA,NA,NA,NA
5085,REMJ,0,0,0,0,0,NA,NA,NA,NA,NA
5091,REMJ,0,0,0,0,0,NA,NA,NA,NA,NA
5092,REMJ,0,0,0,0,0,NA,NA,NA,NA,NA
5093,REMJ,0,0,0,0,0,NA,NA,NA,NA,NA
5094,REMJ,0,0,0,0,0,NA,NA,NA,NA,NA
5095,REMJ,0,0,0,0,0,NA,NA,NA,NA,NA
5101,REMJ,0,0,0,0,0,NA,NA,NA,NA,NA
5102,REMJ,0,0,0,0,0,NA,NA,NA,NA,NA
5103,REMJ,0,0,0,0,0,NA,NA,NA,NA,NA
5104,REMJ,0,0,0,0,0,NA,NA,NA,NA,NA
7011,Uatuma,NA,NA,NA,NA,NA,NA,0,0,0,NA
7012,Uatuma,NA,NA,NA,NA,NA,NA,0,0,0,NA
7013,Uatuma,NA,NA,NA,NA,NA,NA,0,0,0,NA
7014,Uatuma,NA,NA,NA,NA,NA,NA,0,0,0,NA
7015,Uatuma,NA,NA,NA,NA,NA,NA,0,0,0,NA
7021,Uatuma,NA,NA,NA,NA,NA,NA,0,0,0,NA
7022,Uatuma,NA,NA,NA,NA,NA,NA,0,0,0,NA
7023,Uatuma,NA,NA,NA,NA,NA,NA,0,0,0,NA
7025,Uatuma,NA,NA,NA,NA,NA,NA,0,0,0,NA
7031,Uatuma,NA,NA,NA,NA,NA,NA,0,0,0,NA
7032,Uatuma,NA,NA,NA,NA,NA,NA,0,0,0,NA
7033,Uatuma,NA,NA,NA,NA,NA,NA,0,0,0,NA
7034,Uatuma,NA,NA,NA,NA,NA,NA,0,1,0,NA
7035,Uatuma,NA,NA,NA,NA,NA,NA,1,1,0,NA
7041,Uatuma,NA,NA,NA,NA,NA,NA,0,0,0,NA
7042,Uatuma,NA,NA,NA,NA,NA,NA,0,0,0,NA
7045,Uatuma,NA,NA,NA,NA,NA,NA,0,0,0,NA
7051,Uatuma,NA,NA,NA,NA,NA,NA,0,0,0,NA
7052,Uatuma,NA,NA,NA,NA,NA,NA,0,0,0,NA
7053,Uatuma,NA,NA,NA,NA,NA,NA,0,0,0,NA
7054,Uatuma,NA,NA,NA,NA,NA,NA,0,0,0,NA
7061,Uatuma,NA,NA,NA,NA,NA,NA,0,0,0,NA
7062,Uatuma,NA,NA,NA,NA,NA,NA,0,0,0,NA
7063,Uatuma,NA,NA,NA,NA,NA,NA,0,0,0,NA
7064,Uatuma,NA,NA,NA,NA,NA,NA,0,0,0,NA
7071,Uatuma,NA,NA,NA,NA,NA,NA,0,0,0,0
7072,Uatuma,NA,NA,NA,NA,NA,NA,0,0,0,0
7073,Uatuma,NA,NA,NA,NA,NA,NA,0,0,0,0
7074,Uatuma,NA,NA,NA,NA,NA,NA,0,0,NA,NA
7075,Uatuma,NA,NA,NA,NA,NA,NA,0,0,0,0
7081,Uatuma,NA,NA,NA,NA,NA,NA,0,0,0,0
7082,Uatuma,NA,NA,NA,NA,NA,NA,0,0,1,0
7083,Uatuma,NA,NA,NA,NA,NA,NA,0,0,0,0
7084,Uatuma,NA,NA,NA,NA,NA,NA,0,0,0,0
7085,Uatuma,NA,NA,NA,NA,NA,NA,0,0,0,0
7091,Uatuma,NA,NA,NA,NA,NA,NA,0,0,0,0
7093,Uatuma,NA,NA,NA,NA,NA,NA,0,0,0,0
7094,Uatuma,NA,NA,NA,NA,NA,NA,0,0,0,0
7095,Uatuma,NA,NA,NA,NA,NA,NA,0,0,0,0
7101,Uatuma,NA,NA,NA,NA,NA,NA,0,0,NA,NA
7102,Uatuma,NA,NA,NA,NA,NA,NA,0,0,NA,NA
7103,Uatuma,NA,NA,NA,NA,NA,NA,0,0,0,0
7104,Uatuma,NA,NA,NA,NA,NA,NA,0,0,0,0
7105,Uatuma,NA,NA,NA,NA,NA,NA,0,0,0,0
7111,Uatuma,NA,NA,NA,NA,NA,NA,NA,0,0,0
7112,Uatuma,NA,NA,NA,NA,NA,NA,NA,0,0,0
7113,Uatuma,NA,NA,NA,NA,NA,NA,NA,0,0,0
7114,Uatuma,NA,NA,NA,NA,NA,NA,NA,0,0,0
7115,Uatuma,NA,NA,NA,NA,NA,NA,NA,0,0,0
8011,Uatuma,NA,NA,NA,NA,NA,0,0,0,NA,NA
8012,Uatuma,NA,NA,NA,NA,NA,0,0,0,NA,NA
8013,Uatuma,NA,NA,NA,NA,NA,0,0,0,NA,NA
8014,Uatuma,NA,NA,NA,NA,NA,0,0,0,NA,NA
8015,Uatuma,NA,NA,NA,NA,NA,0,0,0,NA,NA
8021,Uatuma,NA,NA,NA,NA,NA,1,0,0,0,NA
8022,Uatuma,NA,NA,NA,NA,NA,0,0,0,0,NA
8023,Uatuma,NA,NA,NA,NA,NA,0,0,0,0,NA
8024,Uatuma,NA,NA,NA,NA,NA,0,0,0,0,NA
8025,Uatuma,NA,NA,NA,NA,NA,0,0,0,0,NA
8031,Uatuma,NA,NA,NA,NA,NA,0,0,0,0,NA
8032,Uatuma,NA,NA,NA,NA,NA,0,0,0,0,NA
8033,Uatuma,NA,NA,NA,NA,NA,0,0,0,0,NA
8034,Uatuma,NA,NA,NA,NA,NA,0,0,0,0,NA
8035,Uatuma,NA,NA,NA,NA,NA,0,0,0,0,NA
8041,Uatuma,NA,NA,NA,NA,NA,0,0,0,0,NA
8042,Uatuma,NA,NA,NA,NA,NA,0,0,0,0,NA
8043,Uatuma,NA,NA,NA,NA,NA,0,0,0,0,NA
8044,Uatuma,NA,NA,NA,NA,NA,0,0,0,0,NA
8045,Uatuma,NA,NA,NA,NA,NA,0,0,0,0,NA
8051,Uatuma,NA,NA,NA,NA,NA,0,0,0,0,NA
8052,Uatuma,NA,NA,NA,NA,NA,0,0,0,0,NA
8053,Uatuma,NA,NA,NA,NA,NA,0,0,0,0,NA
8054,Uatuma,NA,NA,NA,NA,NA,0,0,0,0,NA
8055,Uatuma,NA,NA,NA,NA,NA,0,0,0,0,NA
8061,Uatuma,NA,NA,NA,NA,NA,0,0,0,0,NA
8062,Uatuma,NA,NA,NA,NA,NA,0,0,0,0,NA
8063,Uatuma,NA,NA,NA,NA,NA,0,0,0,0,NA
8064,Uatuma,NA,NA,NA,NA,NA,0,0,0,0,NA
8071,Uatuma,NA,NA,NA,NA,NA,0,0,0,0,NA
8072,Uatuma,NA,NA,NA,NA,NA,0,0,0,0,NA
8073,Uatuma,NA,NA,NA,NA,NA,0,0,0,0,NA
8074,Uatuma,NA,NA,NA,NA,NA,0,0,0,0,NA
8075,Uatuma,NA,NA,NA,NA,NA,0,0,0,0,NA
8081,Uatuma,NA,NA,NA,NA,NA,NA,0,0,0,NA
8082,Uatuma,NA,NA,NA,NA,NA,NA,0,0,0,NA
8083,Uatuma,NA,NA,NA,NA,NA,NA,0,0,0,NA
8084,Uatuma,NA,NA,NA,NA,NA,NA,0,0,0,NA
8085,Uatuma,NA,NA,NA,NA,NA,NA,0,0,0,NA
8092,Uatuma,NA,NA,NA,NA,NA,NA,0,0,0,NA
8093,Uatuma,NA,NA,NA,NA,NA,NA,0,0,0,NA
8094,Uatuma,NA,NA,NA,NA,NA,NA,0,0,0,NA
8101,Uatuma,NA,NA,NA,NA,NA,NA,0,0,0,0
8102,Uatuma,NA,NA,NA,NA,NA,NA,0,0,0,0
8103,Uatuma,NA,NA,NA,NA,NA,NA,0,0,0,0
8104,Uatuma,NA,NA,NA,NA,NA,NA,0,0,0,0
CF01,PNCA,NA,NA,0,0,0,0,0,0,1,0
CF01,PNJU,0,1,1,0,0,0,0,NA,NA,NA
CF02,PNCA,NA,NA,0,0,0,0,0,1,0,0
CF02,PNJU,0,0,1,0,0,0,0,NA,NA,NA
CF03,PNCA,NA,NA,0,0,0,0,0,0,0,0
CF03,PNJU,0,0,0,0,0,0,0,NA,NA,NA
CF04,PNCA,NA,NA,0,0,0,0,0,0,0,0
CF04,PNJU,0,0,0,0,0,0,0,NA,NA,NA
CF05,PNCA,NA,NA,0,0,0,1,0,0,0,0
CF05,PNJU,0,0,0,0,0,0,0,NA,NA,NA
CF06,PNCA,NA,NA,0,0,0,0,0,0,0,0
CF06,PNJU,0,0,0,0,0,0,NA,NA,NA,NA
CF07,PNCA,NA,NA,0,0,0,0,0,0,0,0
CF07,PNJU,0,0,0,0,0,0,0,NA,NA,NA
CF08,PNCA,NA,NA,0,1,0,0,0,0,0,0
CF08,PNJU,0,0,0,1,0,0,NA,NA,NA,NA
CF09,PNCA,NA,NA,0,0,0,0,0,0,0,0
CF09,PNJU,0,1,0,1,0,0,0,NA,NA,NA
CF10,PNCA,NA,NA,0,0,0,0,0,0,0,0
CF10,PNJU,0,0,NA,NA,NA,NA,NA,NA,NA,NA
CF106R,PNM,0,0,0,0,NA,NA,NA,NA,NA,NA
CF107R,PNM,0,0,0,0,NA,NA,NA,NA,NA,NA
CF108R,PNM,0,0,0,0,NA,NA,NA,NA,NA,NA
CF11,PNCA,NA,NA,0,0,0,0,1,0,0,0
CF11,PNJU,0,1,0,0,0,0,NA,NA,NA,NA
CF110R,PNM,0,0,0,0,NA,NA,NA,NA,NA,NA
CF111R,PNM,0,0,0,0,NA,NA,NA,NA,NA,NA
CF112R,PNM,0,0,0,0,NA,NA,NA,NA,NA,NA
CF12,PNCA,NA,NA,0,0,0,0,0,0,0,0
CF12,PNJU,1,1,0,0,1,0,0,NA,NA,NA
CF127R,PNM,0,0,1,0,NA,NA,NA,NA,NA,NA
CF129R,PNM,0,0,1,0,NA,NA,NA,NA,NA,NA
CF13,PNCA,NA,NA,0,0,0,0,0,0,0,0
CF13,PNJU,0,0,0,0,1,0,0,NA,NA,NA
CF14,PNCA,NA,NA,0,0,0,0,0,0,0,0
CF14,PNJU,0,0,0,0,0,1,0,NA,NA,NA
CF15,PNCA,NA,NA,0,0,0,0,0,0,0,0
CF15,PNJU,0,0,0,0,0,0,0,NA,NA,NA
CF155R,PNM,1,1,1,1,NA,NA,NA,NA,NA,NA
CF16,PNCA,NA,NA,0,1,1,0,0,0,0,0
CF16,PNJU,0,1,0,0,0,1,0,NA,NA,NA
CF17,PNCA,NA,NA,0,0,0,1,0,0,0,0
CF17,PNJU,0,0,0,0,0,0,0,NA,NA,NA
CF18,PNCA,NA,NA,0,0,1,0,0,0,0,0
CF18,PNJU,0,0,0,0,0,0,NA,NA,NA,NA
CF19,PNCA,NA,NA,0,0,0,1,0,0,1,0
CF20,PNCA,NA,NA,0,0,0,0,0,0,0,0
CFn1,PNM,0,0,0,0,NA,NA,NA,NA,NA,NA
CFn2,PNM,0,0,0,0,NA,NA,NA,NA,NA,NA
CL100R,PNM,0,0,0,0,NA,NA,NA,NA,NA,NA
CL101R,PNM,0,0,0,0,NA,NA,NA,NA,NA,NA
CL102R,PNM,0,0,0,0,NA,NA,NA,NA,NA,NA
CL103R,PNM,0,0,0,0,NA,NA,NA,NA,NA,NA
CL104R,PNM,0,0,0,0,NA,NA,NA,NA,NA,NA
CL105R,PNM,0,0,0,0,NA,NA,NA,NA,NA,NA
CL116R,PNM,0,0,0,0,NA,NA,NA,NA,NA,NA
CL121R,PNM,0,1,0,0,NA,NA,NA,NA,NA,NA
CL130R,PNM,0,0,0,0,NA,NA,NA,NA,NA,NA
CL154R,PNM,0,0,0,0,NA,NA,NA,NA,NA,NA
CL157R,PNM,0,0,0,0,NA,NA,NA,NA,NA,NA
CL159R,PNM,0,0,0,NA,NA,NA,NA,NA,NA,NA
CL21,PNCA,NA,NA,0,0,0,0,0,0,0,0
CL22,PNCA,NA,NA,0,0,0,0,0,0,0,0
CL23,PNCA,NA,NA,0,1,0,0,0,0,0,0
CL24,PNCA,NA,NA,0,0,0,0,0,0,0,0
CL25,PNCA,NA,NA,0,0,0,0,0,0,0,0
CL26,PNCA,NA,NA,0,0,0,0,0,0,0,0
CL27,PNCA,NA,NA,0,0,0,0,0,0,0,0
CL28,PNCA,NA,NA,0,0,0,0,0,0,0,0
CL29,PNCA,NA,NA,0,0,0,0,0,0,0,0
CL30,PNCA,NA,NA,0,0,0,0,0,0,0,0
CL31,PNCA,NA,NA,0,0,0,0,0,0,0,0
CL32,PNCA,NA,NA,0,0,0,0,0,0,0,0
CL33,PNCA,NA,NA,0,0,0,0,0,0,0,0
CL34,PNCA,NA,NA,0,0,0,0,0,0,0,0
CL35,PNCA,NA,NA,0,0,0,0,0,0,0,0
CL36,PNCA,NA,NA,0,0,0,0,0,0,0,0
CL37,PNCA,NA,NA,0,0,0,0,0,0,0,0
CL38,PNCA,NA,NA,0,0,0,0,0,0,0,0
CL39,PNCA,NA,NA,0,0,0,0,0,0,0,0
CL40,PNCA,NA,NA,0,1,0,0,0,0,0,0
CS153R,PNM,0,1,1,1,NA,NA,NA,NA,NA,NA
CS156R,PNM,0,0,1,1,NA,NA,NA,NA,NA,NA
CSn1,PNM,0,0,1,0,NA,NA,NA,NA,NA,NA
CT-MAS-1-01,PDBFF,1,1,1,NA,NA,NA,NA,NA,NA,NA
CT-MAS-1-02,PDBFF,0,0,0,NA,NA,NA,NA,NA,NA,NA
CT-MAS-1-03,PDBFF,0,0,0,NA,NA,NA,NA,NA,NA,NA
CT-MAS-1-04,PDBFF,0,0,0,NA,NA,NA,NA,NA,NA,NA
CT-MAS-1-05,PDBFF,0,0,0,NA,NA,NA,NA,NA,NA,NA
CT-MAS-1-06,PDBFF,0,0,0,NA,NA,NA,NA,NA,NA,NA
CT-MAS-1-07,PDBFF,0,0,0,NA,NA,NA,NA,NA,NA,NA
CT-MAS-1-08,PDBFF,0,0,0,NA,NA,NA,NA,NA,NA,NA
CT-MAS-1-09,PDBFF,1,0,0,NA,NA,NA,NA,NA,NA,NA
CT-MAS-1-10,PDBFF,0,0,1,NA,NA,NA,NA,NA,NA,NA
CT-MAS-1-11,PDBFF,0,0,0,NA,NA,NA,NA,NA,NA,NA
CT-MAS-1-12,PDBFF,0,0,0,NA,NA,NA,NA,NA,NA,NA
CT-MAS-1-13,PDBFF,0,0,0,NA,NA,NA,NA,NA,NA,NA
CT-MAS-1-14,PDBFF,0,1,0,NA,NA,NA,NA,NA,NA,NA
CT-MAS-1-15,PDBFF,0,0,0,NA,NA,NA,NA,NA,NA,NA
CT-MAS-1-16,PDBFF,0,0,0,NA,NA,NA,NA,NA,NA,NA
CT-MAS-1-17,PDBFF,0,0,0,NA,NA,NA,NA,NA,NA,NA
CT-MAS-1-18,PDBFF,0,1,0,NA,NA,NA,NA,NA,NA,NA
CT-MAS-1-19,PDBFF,0,0,0,NA,NA,NA,NA,NA,NA,NA
CT-MAS-1-20,PDBFF,0,0,0,NA,NA,NA,NA,NA,NA,NA
CT-MAS-1-21,PDBFF,0,0,0,NA,NA,NA,NA,NA,NA,NA
CT-MAS-1-22,PDBFF,0,1,0,NA,NA,NA,NA,NA,NA,NA
CT-MAS-1-23,PDBFF,0,0,0,NA,NA,NA,NA,NA,NA,NA
CT-MAS-1-24,PDBFF,0,0,0,NA,NA,NA,NA,NA,NA,NA
CT-MAS-1-25,PDBFF,0,0,1,NA,NA,NA,NA,NA,NA,NA
CT-MAS-1-26,PDBFF,0,0,0,NA,NA,NA,NA,NA,NA,NA
CT-MAS-1-27,PDBFF,1,0,0,NA,NA,NA,NA,NA,NA,NA
CT-MAS-1-28,PDBFF,0,0,0,NA,NA,NA,NA,NA,NA,NA
CT-MAS-1-29,PDBFF,0,0,0,NA,NA,NA,NA,NA,NA,NA
CT-MAS-1-30,PDBFF,0,0,0,NA,NA,NA,NA,NA,NA,NA
CT-MAS-2-01,ZF2,NA,NA,NA,NA,0,0,0,NA,NA,NA
CT-MAS-2-02,ZF2,NA,NA,NA,NA,0,0,0,NA,NA,NA
CT-MAS-2-03,ZF2,NA,NA,NA,NA,0,0,0,NA,NA,NA
CT-MAS-2-04,ZF2,NA,NA,NA,NA,0,0,0,NA,NA,NA
CT-MAS-2-05,ZF2,NA,NA,NA,NA,0,0,0,NA,NA,NA
CT-MAS-2-06,ZF2,NA,NA,NA,NA,0,0,0,NA,NA,NA
CT-MAS-2-07,ZF2,NA,NA,NA,NA,0,0,0,NA,NA,NA
CT-MAS-2-08,ZF2,NA,NA,NA,NA,0,0,0,NA,NA,NA
CT-MAS-2-09,ZF2,NA,NA,NA,NA,0,0,1,NA,NA,NA
CT-MAS-2-10,ZF2,NA,NA,NA,NA,0,1,0,NA,NA,NA
CT-MAS-2-11,ZF2,NA,NA,NA,NA,0,0,0,NA,NA,NA
CT-MAS-2-12,ZF2,NA,NA,NA,NA,0,0,0,NA,NA,NA
CT-MAS-2-13,ZF2,NA,NA,NA,NA,0,0,0,NA,NA,NA
CT-MAS-2-14,ZF2,NA,NA,NA,NA,0,0,0,NA,NA,NA
CT-MAS-2-15,ZF2,NA,NA,NA,NA,0,0,0,NA,NA,NA
CT-MAS-2-16,ZF2,NA,NA,NA,NA,0,0,1,0,NA,NA
CT-MAS-2-17,ZF2,NA,NA,NA,NA,0,0,0,0,NA,NA
CT-MAS-2-18,ZF2,NA,NA,NA,NA,0,0,0,0,NA,NA
CT-MAS-2-19,ZF2,NA,NA,NA,NA,0,0,0,0,NA,NA
CT-MAS-2-20,ZF2,NA,NA,NA,NA,0,0,0,0,NA,NA
CT-MAS-2-21,ZF2,NA,NA,NA,NA,0,0,0,1,NA,NA
CT-MAS-2-22,ZF2,NA,NA,NA,NA,0,1,0,0,NA,NA
CT-MAS-2-23,ZF2,NA,NA,NA,NA,0,0,0,0,NA,NA
CT-MAS-2-24,ZF2,NA,NA,NA,NA,0,0,1,0,NA,NA
CT-MAS-2-25,ZF2,NA,NA,NA,NA,0,0,0,0,NA,NA
CT-MAS-2-26,ZF2,NA,NA,NA,NA,0,0,0,1,NA,NA
CT-MAS-2-27,ZF2,NA,NA,NA,NA,0,0,0,0,NA,NA
CT-MAS-2-28,ZF2,NA,NA,NA,NA,0,0,0,0,NA,NA
CT-MAS-2-29,ZF2,NA,NA,NA,NA,0,0,1,0,NA,NA
CT-MAS-2-30,ZF2,NA,NA,NA,NA,0,0,0,0,NA,NA
CT-MAS-3-1,DUCKE,0,0,0,0,0,0,NA,NA,NA,NA
CT-MAS-3-10,DUCKE,0,0,0,0,0,0,NA,NA,NA,NA
CT-MAS-3-11,DUCKE,1,0,0,0,0,0,NA,NA,NA,NA
CT-MAS-3-12,DUCKE,0,0,0,1,0,0,NA,NA,NA,NA
CT-MAS-3-13,DUCKE,0,0,0,0,0,0,NA,NA,NA,NA
CT-MAS-3-14,DUCKE,0,0,0,0,0,0,NA,NA,NA,NA
CT-MAS-3-15,DUCKE,0,0,0,0,0,0,NA,NA,NA,NA
CT-MAS-3-16,DUCKE,0,0,0,0,0,0,NA,NA,NA,NA
CT-MAS-3-17,DUCKE,0,0,0,0,0,0,NA,NA,NA,NA
CT-MAS-3-18,DUCKE,0,0,0,0,0,0,NA,NA,NA,NA
CT-MAS-3-19,DUCKE,0,0,0,0,0,0,NA,NA,NA,NA
CT-MAS-3-2,DUCKE,0,0,0,0,0,0,NA,NA,NA,NA
CT-MAS-3-20,DUCKE,0,0,0,0,0,0,NA,NA,NA,NA
CT-MAS-3-21,DUCKE,0,0,0,0,0,0,NA,NA,NA,NA
CT-MAS-3-22,DUCKE,0,1,0,0,0,0,NA,NA,NA,NA
CT-MAS-3-23,DUCKE,0,0,0,0,0,0,NA,NA,NA,NA
CT-MAS-3-24,DUCKE,0,0,0,0,0,0,NA,NA,NA,NA
CT-MAS-3-25,DUCKE,0,0,0,0,0,0,NA,NA,NA,NA
CT-MAS-3-26,DUCKE,0,0,0,0,0,0,NA,NA,NA,NA
CT-MAS-3-27,DUCKE,0,0,0,0,0,0,NA,NA,NA,NA
CT-MAS-3-28,DUCKE,0,0,0,0,0,0,NA,NA,NA,NA
CT-MAS-3-29,DUCKE,0,0,0,0,0,0,NA,NA,NA,NA
CT-MAS-3-3,DUCKE,0,0,0,0,0,0,NA,NA,NA,NA
CT-MAS-3-30,DUCKE,0,0,0,0,0,0,NA,NA,NA,NA
CT-MAS-3-4,DUCKE,0,0,0,0,0,0,NA,NA,NA,NA
CT-MAS-3-5,DUCKE,0,0,0,0,0,0,NA,NA,NA,NA
CT-MAS-3-6,DUCKE,0,0,0,0,0,0,NA,NA,NA,NA
CT-MAS-3-7,DUCKE,0,0,0,0,0,0,NA,NA,NA,NA
CT-MAS-3-8,DUCKE,0,0,0,0,0,0,NA,NA,NA,NA
CT-MAS-3-9,DUCKE,0,0,0,1,0,0,NA,NA,NA,NA
CT-POC-1-01,SBR,0,0,0,0,0,1,NA,NA,NA,NA
CT-POC-1-02,SBR,0,0,0,0,0,0,NA,NA,NA,NA
CT-POC-1-04,SBR,0,0,0,0,0,NA,NA,NA,NA,NA
CT-POC-1-05,SBR,0,0,0,0,0,0,NA,NA,NA,NA
CT-POC-1-06,SBR,0,0,0,0,0,0,0,NA,NA,NA
CT-POC-1-07,SBR,0,0,0,0,0,0,NA,NA,NA,NA
CT-POC-1-08,SBR,0,0,0,0,0,0,0,NA,NA,NA
CT-POC-1-10,SBR,0,0,1,0,0,0,0,NA,NA,NA
CT-POC-1-11,SBR,0,0,0,0,0,0,0,NA,NA,NA
CT-POC-1-12,SBR,0,0,1,1,0,0,0,NA,NA,NA
CT-POC-1-13,SBR,0,0,0,0,0,0,0,NA,NA,NA
CT-POC-1-14,SBR,0,0,0,0,0,0,0,NA,NA,NA
CT-POC-1-15,SBR,0,0,0,0,0,0,0,NA,NA,NA
CT-POC-1-16,SBR,0,0,0,0,0,0,NA,NA,NA,NA
CT-POC-1-18,SBR,0,0,0,0,0,0,NA,NA,NA,NA
CT-POC-1-19,SBR,0,0,0,0,0,0,NA,NA,NA,NA
CT-POC-1-20,SBR,0,0,0,0,0,0,NA,NA,NA,NA
CT-POC-1-21,SBR,0,0,0,0,0,0,NA,NA,NA,NA
CT-POC-1-22,SBR,0,1,0,0,0,0,0,NA,NA,NA
CT-POC-1-23,SBR,0,0,0,0,0,0,0,NA,NA,NA
CT-POC-1-26,SBR,0,0,0,0,0,0,0,NA,NA,NA
CT-POC-1-27,SBR,0,0,0,0,0,0,NA,NA,NA,NA
CT-POC-1-29,SBR,0,0,0,0,0,0,0,NA,NA,NA
CT-TDM-1-06,TMES,0,0,0,1,1,0,NA,NA,NA,NA
CT-TDM-1-07,TMES,0,1,0,0,1,0,NA,NA,NA,NA
CT-TDM-1-08,TMES,0,0,1,0,1,0,NA,NA,NA,NA
CT-TDM-1-09,TMES,0,0,0,0,0,0,NA,NA,NA,NA
CT-TDM-1-11,TMES,0,1,1,0,0,0,NA,NA,NA,NA
CT-TDM-1-12,TMES,1,0,0,1,0,0,NA,NA,NA,NA
CT-TDM-1-120,TMES,0,0,0,0,0,0,NA,NA,NA,NA
CT-TDM-1-121,TMES,0,1,0,0,1,0,NA,NA,NA,NA
CT-TDM-1-13,TMES,0,1,0,0,0,1,NA,NA,NA,NA
CT-TDM-1-14,TMES,0,1,0,0,0,0,NA,NA,NA,NA
CT-TDM-1-16,TMES,0,0,0,1,0,1,NA,NA,NA,NA
CT-TDM-1-17,TMES,0,0,1,0,0,0,NA,NA,NA,NA
CT-TDM-1-18,TMES,0,0,1,0,0,0,NA,NA,NA,NA
CT-TDM-1-19,TMES,NA,0,0,0,0,0,NA,NA,NA,NA
CT-TDM-1-21,TMES,0,0,0,0,0,0,NA,NA,NA,NA
CT-TDM-1-22,TMES,0,0,0,0,0,0,NA,NA,NA,NA
CT-TDM-1-23,TMES,0,1,1,0,0,0,NA,NA,NA,NA
CT-TDM-1-24,TMES,0,0,0,0,0,0,NA,NA,NA,NA
CT-TDM-1-26,TMES,0,0,0,0,0,0,NA,NA,NA,NA
CT-TDM-1-27,TMES,0,0,0,1,0,0,NA,NA,NA,NA
CT-TDM-1-28,TMES,0,0,0,0,0,0,NA,NA,NA,NA
CT-TDM-1-29,TMES,0,0,1,0,0,0,NA,NA,NA,NA
CT-TDM-1-31,TMES,0,0,0,0,1,0,NA,NA,NA,NA
CT-TDM-1-32,TMES,0,0,0,0,0,0,NA,NA,NA,NA
CT-TDM-1-33,TMES,0,0,0,0,0,0,NA,NA,NA,NA
CT-TDM-1-36,TMES,0,0,0,0,0,0,NA,NA,NA,NA
CT-TDM-1-37,TMES,0,1,1,0,0,0,NA,NA,NA,NA
CT-TDM-1-41,TMES,1,0,0,1,0,0,NA,NA,NA,NA
CT-TDM-1-42,TMES,0,0,1,0,1,0,NA,NA,NA,NA
CT-TDM-1-43,TMES,0,0,0,0,0,0,NA,NA,NA,NA
CT-TDM-1-44,TMES,0,0,1,1,1,0,NA,NA,NA,NA
CT-TDM-1-46,TMES,0,1,1,0,0,0,NA,NA,NA,NA
CT-TDM-1-47,TMES,0,0,0,1,0,0,NA,NA,NA,NA
CT-TDM-1-48,TMES,0,0,0,0,0,0,NA,NA,NA,NA
CT-TDM-1-51,TMES,0,0,0,0,0,0,NA,NA,NA,NA
CT-TDM-1-52,TMES,0,1,0,1,1,0,NA,NA,NA,NA
CT-TDM-1-53,TMES,0,0,0,0,0,0,NA,NA,NA,NA
CT-TDM-1-54,TMES,0,0,0,0,1,0,NA,NA,NA,NA
CT-TDM-1-61,TMES,1,0,0,0,1,0,NA,NA,NA,NA
CT-TDM-1-62,TMES,0,1,1,0,0,1,NA,NA,NA,NA
CT-TDM-1-63,TMES,0,0,0,0,0,0,NA,NA,NA,NA
CT-TDM-1-64,TMES,0,0,0,0,1,0,NA,NA,NA,NA
CT-TDM-1-66,TMES,0,0,1,0,1,0,NA,NA,NA,NA
CT-TDM-1-67,TMES,1,0,0,0,0,0,NA,NA,NA,NA
CT-TDM-1-68,TMES,0,0,0,0,0,0,NA,NA,NA,NA
CT-TDM-1-72,TMES,0,0,1,0,0,0,NA,NA,NA,NA
CT-TDM-1-73,TMES,0,0,0,0,0,0,NA,NA,NA,NA
CT-TDM-1-74,TMES,1,1,1,0,0,0,NA,NA,NA,NA
CT-TDM-1-75,TMES,0,0,0,0,0,0,NA,NA,NA,NA
CT-TDM-1-76,TMES,1,0,0,0,NA,NA,NA,NA,NA,NA
CT-TDM-1-77,TMES,0,1,1,1,0,0,NA,NA,NA,NA
CT-TDM-1-78,TMES,0,0,1,0,1,0,NA,NA,NA,NA
CT-TDM-1-79,TMES,1,0,1,0,1,0,NA,NA,NA,NA
CT-TDM-1-81,TMES,0,0,0,0,0,0,NA,NA,NA,NA
CT-TDM-1-82,TMES,1,0,0,1,0,0,NA,NA,NA,NA
CT-TDM-1-83,TMES,0,0,0,0,0,0,NA,NA,NA,NA
CT-TDM-1-84,TMES,0,0,0,0,0,1,NA,NA,NA,NA
CT-TDM-1-86,TMES,0,0,0,0,0,0,NA,NA,NA,NA
CT-TDM-1-87,TMES,0,1,1,0,0,0,NA,NA,NA,NA
CT-TDM-1-88,TMES,0,0,0,0,0,0,NA,NA,NA,NA
CT-TDM-1-89,TMES,0,0,0,0,1,0,NA,NA,NA,NA
DEER1,PNM,NA,0,0,0,NA,NA,NA,NA,NA,NA
DEER2,PNM,NA,0,0,NA,NA,NA,NA,NA,NA,NA
DEER3,PNM,NA,0,1,1,NA,NA,NA,NA,NA,NA
DEER4,PNM,NA,0,0,0,NA,NA,NA,NA,NA,NA
ESTRADA1,PNCA,1,0,NA,NA,NA,NA,NA,NA,NA,NA
ESTRADA2,PNCA,0,0,NA,NA,NA,NA,NA,NA,NA,NA
ESTRADA3,PNCA,1,0,0,0,0,0,0,0,0,0
ESTRADA4,PNCA,0,0,NA,NA,NA,NA,NA,NA,NA,NA
ESTRADA5,PNCA,NA,NA,NA,NA,0,0,0,0,0,NA
ex1,RDSA,NA,NA,1,0,0,NA,NA,NA,NA,NA
ex10,RDSA,NA,NA,NA,NA,0,1,0,0,0,0
ex11,RDSA,NA,NA,NA,NA,0,1,0,0,0,1
EX1106D1,PNM,0,1,1,0,NA,NA,NA,NA,NA,NA
EX1106D2,PNM,0,1,0,0,NA,NA,NA,NA,NA,NA
EX1106D3,PNM,0,1,1,1,NA,NA,NA,NA,NA,NA
EX1106D4,PNM,0,0,0,0,NA,NA,NA,NA,NA,NA
ex12,RDSA,NA,NA,NA,NA,0,0,0,0,0,0
EX1206D1,PNM,0,0,0,1,NA,NA,NA,NA,NA,NA
EX1206D2,PNM,0,1,0,0,NA,NA,NA,NA,NA,NA
ex13,RDSA,NA,NA,NA,NA,0,0,0,0,0,0
EX1306D1,PNM,0,0,0,1,NA,NA,NA,NA,NA,NA
ex14,RDSA,NA,NA,NA,NA,0,0,0,1,0,0
EX1506D1,PNM,NA,1,0,0,NA,NA,NA,NA,NA,NA
EX1506D2,PNM,NA,1,0,1,NA,NA,NA,NA,NA,NA
EX1606D1,PNM,1,0,0,0,NA,NA,NA,NA,NA,NA
EX1606D2,PNM,NA,0,NA,NA,NA,NA,NA,NA,NA,NA
EX1606D3,PNM,NA,1,0,0,NA,NA,NA,NA,NA,NA
EX1806D1,PNM,NA,0,0,0,NA,NA,NA,NA,NA,NA
EX1806D2,PNM,NA,0,1,0,NA,NA,NA,NA,NA,NA
EX1806D3,PNM,NA,0,NA,NA,NA,NA,NA,NA,NA,NA
EX1806D4,PNM,NA,0,0,0,NA,NA,NA,NA,NA,NA
EX1806D5,PNM,NA,0,0,0,NA,NA,NA,NA,NA,NA
ex2,RDSA,NA,NA,0,0,0,NA,NA,NA,NA,NA
ex3,RDSA,NA,NA,0,0,0,NA,NA,NA,NA,NA
ex4,RDSA,NA,NA,0,0,0,NA,NA,NA,NA,NA
ex5,RDSA,NA,NA,0,0,0,NA,NA,NA,NA,NA
ex6,RDSA,NA,NA,0,0,0,NA,NA,NA,NA,NA
ex7,RDSA,NA,NA,0,0,0,NA,NA,NA,NA,NA
ex8,RDSA,NA,NA,NA,NA,0,0,0,0,0,NA
ex9,RDSA,NA,NA,NA,NA,0,0,0,1,0,0
F113R,PNM,0,0,1,0,NA,NA,NA,NA,NA,NA
F114R,PNM,0,0,0,0,NA,NA,NA,NA,NA,NA
F115R,PNM,0,0,0,0,NA,NA,NA,NA,NA,NA
F128R,PNM,1,0,1,1,NA,NA,NA,NA,NA,NA
F200R,PNM,0,0,0,0,NA,NA,NA,NA,NA,NA
F41,PNCA,NA,0,0,0,0,NA,NA,NA,NA,NA
F41B,PNCA,NA,NA,NA,NA,0,0,0,0,0,NA
F42,PNCA,NA,0,0,0,0,NA,NA,NA,NA,NA
F42B,PNCA,NA,NA,NA,NA,0,0,0,0,0,NA
F43,PNCA,NA,0,0,0,0,NA,NA,NA,NA,NA
F43B,PNCA,NA,NA,NA,NA,0,1,1,0,1,NA
F44,PNCA,NA,0,0,0,0,NA,NA,NA,NA,NA
F44B,PNCA,NA,NA,NA,NA,0,0,0,0,0,NA
F45,PNCA,NA,0,0,0,0,NA,NA,NA,NA,NA
F45B,PNCA,NA,NA,NA,NA,0,0,0,0,0,NA
F46,PNCA,NA,0,0,0,0,NA,NA,NA,NA,NA
F46B,PNCA,NA,NA,NA,NA,0,0,0,0,0,NA
F47,PNCA,NA,0,0,0,0,NA,NA,NA,NA,NA
F47B,PNCA,NA,NA,NA,NA,0,0,0,0,0,NA
F48,PNCA,NA,0,0,0,0,0,0,0,0,NA
F48B,PNCA,NA,NA,NA,NA,0,0,0,0,0,NA
F49,PNCA,NA,0,0,0,0,NA,NA,NA,NA,NA
F49B,PNCA,NA,NA,NA,NA,0,0,0,0,0,NA
F50,PNCA,NA,0,0,0,0,NA,NA,NA,NA,NA
F50B,PNCA,NA,NA,NA,NA,0,0,0,1,0,NA
F51,PNCA,NA,0,0,0,0,NA,NA,NA,NA,NA
F51B,PNCA,NA,NA,NA,NA,0,0,0,0,0,NA
F52,PNCA,NA,0,0,0,0,NA,NA,NA,NA,NA
F52B,PNCA,NA,NA,NA,NA,0,0,0,0,0,NA
F53,PNCA,NA,0,0,0,0,NA,NA,NA,NA,NA
F53B,PNCA,NA,NA,NA,NA,0,0,0,1,0,0
F54,PNCA,NA,0,0,0,0,NA,NA,NA,NA,NA
F54B,PNCA,NA,NA,NA,NA,0,0,0,0,0,NA
F55,PNCA,NA,0,0,0,0,NA,NA,NA,NA,NA
F56,PNCA,NA,0,0,0,1,NA,NA,NA,NA,NA
F56B,PNCA,NA,NA,NA,NA,0,1,0,0,0,NA
F57,PNCA,NA,0,0,0,0,NA,NA,NA,NA,NA
F57B,PNCA,NA,NA,NA,NA,0,0,0,0,0,NA
F58,PNCA,NA,1,0,0,0,NA,NA,NA,NA,NA
F58B,PNCA,NA,NA,NA,NA,1,1,0,0,0,NA
F59,PNCA,NA,0,0,1,0,NA,NA,NA,NA,NA
F59B,PNCA,NA,NA,NA,NA,0,0,0,0,0,0
F60,PNCA,NA,0,0,0,0,NA,NA,NA,NA,NA
Fn1,PNM,0,0,0,0,NA,NA,NA,NA,NA,NA
Fn11,PNM,NA,0,1,0,NA,NA,NA,NA,NA,NA
Fn2,PNM,1,1,1,0,NA,NA,NA,NA,NA,NA
Fn3,PNM,1,0,0,0,NA,NA,NA,NA,NA,NA
Fn4,PNM,0,0,0,0,NA,NA,NA,NA,NA,NA
Fn5,PNM,0,0,0,0,NA,NA,NA,NA,NA,NA
MANEJO1,PNCA,NA,0,0,0,0,NA,NA,NA,NA,NA
MANEJO2,PNCA,NA,0,0,0,0,NA,NA,NA,NA,NA
MANEJO3,PNCA,NA,NA,NA,NA,0,0,0,0,0,NA
REMJ1,REMJ,0,0,0,NA,NA,NA,NA,NA,NA,NA
REMJ10,REMJ,0,0,0,0,NA,NA,NA,NA,NA,NA
REMJ11,REMJ,0,1,0,NA,NA,NA,NA,NA,NA,NA
REMJ12,REMJ,0,1,0,0,NA,NA,NA,NA,NA,NA
REMJ13,REMJ,0,1,0,0,NA,NA,NA,NA,NA,NA
REMJ14,REMJ,0,0,0,0,NA,NA,NA,NA,NA,NA
REMJ15,REMJ,0,0,0,0,NA,NA,NA,NA,NA,NA
REMJ16,REMJ,0,0,0,0,NA,NA,NA,NA,NA,NA
REMJ17,REMJ,0,0,1,0,NA,NA,NA,NA,NA,NA
REMJ18,REMJ,0,1,0,0,NA,NA,NA,NA,NA,NA
REMJ2,REMJ,0,0,1,NA,NA,NA,NA,NA,NA,NA
REMJ20,REMJ,NA,0,0,0,NA,NA,NA,NA,NA,NA
REMJ21,REMJ,NA,0,0,0,NA,NA,NA,NA,NA,NA
REMJ22,REMJ,NA,0,1,0,NA,NA,NA,NA,NA,NA
REMJ23,REMJ,NA,0,0,0,NA,NA,NA,NA,NA,NA
REMJ24,REMJ,NA,0,0,0,NA,NA,NA,NA,NA,NA
REMJ25,REMJ,NA,0,0,0,NA,NA,NA,NA,NA,NA
REMJ27,REMJ,1,1,1,NA,NA,NA,NA,NA,NA,NA
REMJ3,REMJ,0,0,0,NA,NA,NA,NA,NA,NA,NA
REMJ4,REMJ,0,0,0,NA,NA,NA,NA,NA,NA,NA
REMJ5,REMJ,0,0,0,0,NA,NA,NA,NA,NA,NA
REMJ6,REMJ,0,1,0,NA,NA,NA,NA,NA,NA,NA
REMJ7,REMJ,0,0,1,NA,NA,NA,NA,NA,NA,NA
REMJ8,REMJ,0,0,0,0,NA,NA,NA,NA,NA,NA
REMJ9,REMJ,0,0,0,0,NA,NA,NA,NA,NA,NA
C0002,BRA319,NA,NA,NA,NA,0,0,0,0,NA,NA
C0003,BRA319,NA,NA,NA,NA,0,0,0,0,0,0
C0004,BRA319,NA,NA,NA,NA,0,0,0,NA,NA,NA
C0005,BRA319,NA,NA,NA,NA,0,0,0,0,NA,NA
C0006,BRA319,NA,NA,NA,NA,0,0,0,NA,NA,NA
C0007,BRA319,NA,NA,NA,NA,0,0,0,0,NA,NA
C0008,BRA319,NA,NA,NA,NA,0,NA,NA,NA,NA,NA
C0009,BRA319,NA,NA,NA,NA,0,0,0,0,NA,NA
C0010,BRA319,NA,NA,NA,NA,0,0,0,NA,NA,NA
 C0011,BRA319,NA,NA,NA,NA,0,0,0,NA,NA,NA
C0012,BRA319,NA,NA,NA,NA,0,0,0,0,0,0
C0013,BRA319,NA,NA,NA,NA,0,0,0,0,NA,NA
C0014,BRA319,NA,NA,NA,NA,0,0,0,NA,NA,NA
C0015,BRA319,NA,NA,NA,NA,0,NA,NA,NA,NA,NA
C0016,BRA319,NA,NA,NA,NA,0,0,0,NA,NA,NA
C0017,BRA319,NA,NA,NA,NA,0,0,0,NA,NA,NA
C0018,BRA319,NA,NA,NA,NA,0,NA,NA,NA,NA,NA
 C0019,BRA319,NA,NA,NA,NA,0,0,0,0,NA,NA
C0020,BRA319,NA,NA,NA,NA,0,0,0,NA,NA,NA
C0021,BRA319,NA,NA,NA,NA,0,0,0,NA,NA,NA
C0022,BRA319,NA,NA,NA,NA,0,0,0,0,NA,NA
 C0023,BRA319,NA,NA,NA,NA,0,0,0,0,NA,NA
C0024,BRA319,NA,NA,NA,NA,0,0,0,NA,NA,NA
C0025,BRA319,NA,NA,NA,NA,0,NA,NA,NA,NA,NA
C0026,BRA319,NA,NA,NA,NA,0,0,0,0,0,NA
C0027,BRA319,NA,NA,NA,NA,0,0,0,0,NA,NA
C0028,BRA319,NA,NA,NA,NA,0,0,0,0,NA,NA
C0029,BRA319,NA,NA,NA,NA,0,0,0,0,NA,NA
C0030,BRA319,NA,NA,NA,NA,0,0,0,0,NA,NA
C0031,BRA319,NA,NA,NA,NA,0,0,0,NA,NA,NA
C0032,BRA319,NA,NA,NA,NA,0,0,0,0,NA,NA
C0033,BRA319,NA,NA,NA,NA,0,0,0,NA,NA,NA
C0034,BRA319,NA,NA,NA,NA,0,0,0,0,NA,NA
C0035,BRA319,NA,NA,NA,NA,0,0,0,0,NA,NA
C0036,BRA319,NA,NA,NA,NA,0,0,0,NA,NA,NA
C0037,BRA319,NA,NA,NA,NA,0,0,NA,NA,NA,NA
C0038,BRA319,NA,NA,NA,NA,0,0,0,0,NA,NA
C0039,BRA319,0,0,0,0,0,NA,NA,NA,NA,NA
C0040,BRA319,0,0,0,0,0,NA,NA,NA,NA,NA
C0041,BRA319,0,0,0,0,0,NA,NA,NA,NA,NA
C0042,BRA319,0,0,0,0,0,NA,NA,NA,NA,NA
C0043,BRA319,0,0,0,0,0,NA,NA,NA,NA,NA
C0044,BRA319,0,0,0,0,0,NA,NA,NA,NA,NA
C0045,BRA319,0,0,0,0,0,NA,NA,NA,NA,NA
C0047,BRA319,0,0,0,0,0,NA,NA,NA,NA,NA
C0048,BRA319,0,0,0,0,0,NA,NA,NA,NA,NA
C0049,BRA319,0,0,0,0,0,NA,NA,NA,NA,NA
C0050,BRA319,0,0,0,0,0,NA,NA,NA,NA,NA
C0051,BRA319,0,0,0,0,0,NA,NA,NA,NA,NA
C0052,BRA319,0,0,0,0,0,NA,NA,NA,NA,NA
C0053,BRA319,0,0,0,0,0,NA,NA,NA,NA,NA
C0054,BRA319,0,0,0,0,0,NA,NA,NA,NA,NA
C0055,BRA319,0,0,0,0,0,NA,NA,NA,NA,NA
C0056,BRA319,0,0,0,0,0,NA,NA,NA,NA,NA
C0057,BRA319,0,0,0,0,0,NA,NA,NA,NA,NA
C0058,BRA319,0,0,0,0,0,NA,NA,NA,NA,NA
C0059,BRA319,0,0,0,0,1,NA,NA,NA,NA,NA
C0060,BRA319,0,0,0,0,0,NA,NA,NA,NA,NA
C0061,BRA319,0,0,0,0,0,NA,NA,NA,NA,NA
C0062,BRA319,0,0,0,0,0,NA,NA,NA,NA,NA
C0063,BRA319,0,0,0,0,0,NA,NA,NA,NA,NA
C0065,BRA319,0,0,0,0,0,NA,NA,NA,NA,NA
C0066,BRA319,0,0,0,0,0,NA,NA,NA,NA,NA
C0067,BRA319,0,0,0,0,0,NA,NA,NA,NA,NA
C0068,BRA319,0,0,0,0,0,NA,NA,NA,NA,NA
C0069,BRA319,0,0,0,0,0,NA,NA,NA,NA,NA
C0070,BRA319,0,0,0,0,0,NA,NA,NA,NA,NA
C0071,BRA319,0,0,0,0,0,NA,NA,NA,NA,NA
C0072,BRA319,0,0,0,0,0,NA,NA,NA,NA,NA
C0073,BRA319,0,0,0,0,0,NA,NA,NA,NA,NA
C0074,BRA319,0,0,1,0,NA,NA,NA,NA,NA,NA
C0075,BRA319,0,0,0,0,NA,NA,NA,NA,NA,NA
C0076,BRA319,0,0,0,0,NA,NA,NA,NA,NA,NA
C0077,BRA319,0,0,0,0,NA,NA,NA,NA,NA,NA
C0078,BRA319,0,0,0,0,NA,NA,NA,NA,NA,NA
C0079,BRA319,0,0,0,0,NA,NA,NA,NA,NA,NA
C0080,BRA319,0,0,0,0,NA,NA,NA,NA,NA,NA
C0081,BRA319,NA,NA,NA,NA,0,0,0,NA,NA,NA
C0082,BRA319,0,0,0,0,NA,NA,NA,NA,NA,NA
C0083,BRA319,0,0,0,0,NA,NA,NA,NA,NA,NA
C0084,BRA319,0,0,1,0,NA,NA,NA,NA,NA,NA
C0085,BRA319,0,0,0,0,NA,NA,NA,NA,NA,NA
C0086,BRA319,0,0,0,0,NA,NA,NA,NA,NA,NA
C0087,BRA319,0,0,0,0,NA,NA,NA,NA,NA,NA
C0088,BRA319,0,0,0,0,NA,NA,NA,NA,NA,NA
C0089,BRA319,0,0,0,0,NA,NA,NA,NA,NA,NA
C0090,BRA319,0,0,0,0,NA,NA,NA,NA,NA,NA
C0091,BRA319,0,0,0,0,NA,NA,NA,NA,NA,NA
C0092,BRA319,0,0,0,0,NA,NA,NA,NA,NA,NA
C0093,BRA319,0,0,0,0,NA,NA,NA,NA,NA,NA
C0094,BRA319,0,0,0,0,0,0,0,NA,NA,NA
C0095,BRA319,0,0,0,0,NA,NA,NA,NA,NA,NA
C0096,BRA319,0,0,0,0,NA,NA,NA,NA,NA,NA
C0097,BRA319,0,0,0,0,NA,NA,NA,NA,NA,NA
C0098,BRA319,0,0,0,0,NA,NA,NA,NA,NA,NA
C0099,BRA319,0,0,0,0,NA,NA,NA,NA,NA,NA
C0100,BRA319,0,0,0,0,NA,NA,NA,NA,NA,NA
C0101,BRA319,0,0,0,0,NA,NA,NA,NA,NA,NA
C0102,BRA319,0,0,0,0,NA,NA,NA,NA,NA,NA
C0103,BRA319,1,0,0,0,NA,NA,NA,NA,NA,NA
C0104,BRA319,0,0,0,0,NA,NA,NA,NA,NA,NA
C0105,BRA319,0,1,0,0,NA,NA,NA,NA,NA,NA
C0106,BRA319,0,0,0,0,NA,NA,NA,NA,NA,NA
C0107,BRA319,0,0,0,0,NA,NA,NA,NA,NA,NA
C0108,BRA319,0,0,0,0,NA,NA,NA,NA,NA,NA
C0109,BRA319,0,0,0,0,NA,NA,NA,NA,NA,NA
C0110,BRA319,0,0,0,0,NA,NA,NA,NA,NA,NA
C0111,BRA319,NA,NA,NA,NA,NA,NA,0,0,0,0
C0112,BRA319,NA,NA,NA,NA,NA,NA,1,0,0,0
C0113,BRA319,NA,NA,NA,NA,NA,NA,0,0,0,0
C0114,BRA319,NA,NA,NA,NA,NA,NA,NA,NA,0,0
C0115,BRA319,NA,NA,0,0,0,0,0,NA,NA,NA
C0116,BRA319,NA,NA,NA,NA,NA,NA,0,NA,NA,NA
C0117,BRA319,NA,NA,NA,NA,NA,NA,0,0,0,0
C0118,BRA319,NA,NA,NA,NA,NA,NA,0,0,0,0
C0119,BRA319,NA,NA,NA,NA,NA,NA,0,0,0,0
C0120,BRA319,NA,NA,NA,NA,NA,NA,0,0,0,0
C0121,BRA319,NA,NA,NA,NA,NA,NA,0,0,0,0
C0122,BRA319,0,1,0,0,0,0,0,NA,NA,NA
C0123,BRA319,NA,NA,NA,NA,NA,NA,0,0,0,0
C0124,BRA319,0,0,0,0,0,0,0,NA,NA,NA
C0125,BRA319,0,0,0,NA,NA,NA,NA,NA,NA,NA
C0126,BRA319,0,0,0,0,0,0,0,0,NA,NA
C0127,BRA319,0,0,0,0,0,NA,NA,NA,NA,NA
C0128,BRA319,0,0,0,0,0,NA,NA,NA,NA,NA
C0129,BRA319,0,0,0,0,0,NA,NA,NA,NA,NA
C0130,BRA319,0,0,0,0,0,0,NA,NA,NA,NA
C0131,BRA319,0,0,0,0,0,0,0,NA,NA,NA
C0132,BRA319,NA,NA,NA,NA,NA,NA,0,0,0,0
C0133,BRA319,0,0,0,0,0,0,0,NA,NA,NA
C0135,BRA319,0,0,0,0,0,0,0,NA,NA,NA
C0136,BRA319,0,0,0,0,0,0,0,NA,NA,NA
C0137,BRA319,0,0,0,0,0,0,0,NA,NA,NA
C0138,BRA319,0,0,0,0,0,0,0,NA,NA,NA
C0139,BRA319,0,0,0,0,0,NA,NA,NA,NA,NA
C0140,BRA319,0,0,0,0,0,0,NA,NA,NA,NA
C0141,BRA319,0,0,0,0,0,NA,NA,NA,NA,NA
C0142,BRA319,0,0,0,0,NA,NA,NA,NA,NA,NA
C0145,BRA319,0,NA,NA,NA,NA,NA,NA,NA,NA,NA
C0146,BRA319,0,0,0,0,NA,NA,NA,NA,NA,NA
C0147,BRA319,0,0,0,0,0,0,0,NA,NA,NA
C0148,BRA319,0,0,0,0,0,0,0,NA,NA,NA
C0149,BRA319,0,0,0,0,0,0,NA,NA,NA,NA
C0150,BRA319,0,0,0,0,0,0,NA,NA,NA,NA
C0151,BRA319,0,0,0,0,0,0,NA,NA,NA,NA
C0152,BRA319,0,0,0,0,0,0,0,NA,NA,NA
C0153,BRA319,0,0,0,0,0,NA,NA,NA,NA,NA
C0154,BRA319,0,0,0,0,0,0,0,NA,NA,NA
C0155,BRA319,0,0,0,0,0,0,0,NA,NA,NA
C0156,BRA319,0,0,0,0,0,0,0,NA,NA,NA
C0157,BRA319,0,0,0,0,0,NA,NA,NA,NA,NA
C0158,BRA319,0,0,0,0,0,0,NA,NA,NA,NA
C0159,BRA319,0,0,0,0,NA,NA,NA,NA,NA,NA
C0160,BRA319,0,0,0,0,0,0,NA,NA,NA,NA
C0161,BRA319,0,0,0,0,0,0,0,NA,NA,NA
C0162,BRA319,0,0,0,NA,NA,NA,NA,NA,NA,NA
C0163,BRA319,0,0,0,0,0,0,0,NA,NA,NA
C0164,BRA319,0,0,0,0,NA,NA,NA,NA,NA,NA
C0165,BRA319,0,0,0,0,0,NA,NA,NA,NA,NA
C0166,BRA319,0,NA,NA,NA,NA,NA,NA,NA,NA,NA
C0167,BRA319,0,0,NA,NA,NA,NA,NA,NA,NA,NA
C0168,BRA319,0,0,0,0,NA,NA,NA,NA,NA,NA
C0169,BRA319,0,0,0,NA,NA,NA,NA,NA,NA,NA
C0170,BRA319,0,0,0,0,0,0,0,NA,NA,NA
C0171,BRA319,0,0,1,0,0,0,0,NA,NA,NA
C0172,BRA319,0,0,0,0,0,0,NA,NA,NA,NA
C0173,BRA319,0,0,0,0,0,0,NA,NA,NA,NA
C0174,BRA319,0,0,0,0,0,0,NA,NA,NA,NA
C0175,BRA319,0,0,0,0,0,NA,NA,NA,NA,NA
C0176,BRA319,0,0,0,0,0,0,NA,NA,NA,NA
C0178,BRA319,0,0,0,0,0,0,NA,NA,NA,NA
C0179,BRA319,0,NA,NA,NA,NA,NA,NA,NA,NA,NA
C0180,BRA319,0,0,0,0,0,0,NA,NA,NA,NA
C0181,BRA319,0,0,0,0,0,0,NA,NA,NA,NA
C0182,BRA319,0,0,0,0,0,0,NA,NA,NA,NA
C0183,BRA319,0,0,0,0,0,0,NA,NA,NA,NA
C0184,BRA319,0,0,0,0,0,0,NA,NA,NA,NA
C0185,BRA319,0,0,0,0,0,0,NA,NA,NA,NA
 C0186,BRA319,1,0,0,0,0,0,NA,NA,NA,NA
 C0187,BRA319,0,0,0,0,0,0,NA,NA,NA,NA
 C0188,BRA319,0,0,0,0,0,0,NA,NA,NA,NA
 C0189,BRA319,0,0,NA,NA,NA,NA,NA,NA,NA,NA
 C0190,BRA319,0,0,0,0,0,0,NA,NA,NA,NA
 C0191,BRA319,0,0,0,0,0,0,NA,NA,NA,NA
 C0192,BRA319,0,0,0,0,0,0,NA,NA,NA,NA
 C0193,BRA319,0,0,0,0,0,0,NA,NA,NA,NA
 C0194,BRA319,0,0,0,0,0,0,NA,NA,NA,NA
C0195,BRA319,0,0,0,0,0,0,NA,NA,NA,NA
C0196,BRA319,0,0,0,0,0,0,NA,NA,NA,NA
 C0197,BRA319,0,0,0,0,0,0,NA,NA,NA,NA
C0198,BRA319,0,0,0,0,0,0,NA,NA,NA,NA
 C0199,BRA319,0,0,0,0,0,0,NA,NA,NA,NA
 C0200,BRA319,0,0,0,0,0,0,NA,NA,NA,NA
 C0201,BRA319,0,0,0,0,0,0,NA,NA,NA,NA
C0202,BRA319,0,0,0,0,0,0,NA,NA,NA,NA
C0203,BRA319,0,0,0,0,0,0,0,NA,NA,NA
